{
  "64_points": {
    "mpjpe": 58.35675448179245,
    "mpvpe": 59.93231385946274,
    "fps": 1543.735046323187,
    "latency_per_frame": 0.6477795541286469,
    "pred_acceleration": 8.426960557699203,
    "gt_acceleration": 0.5721020279452205
  },
  "128_points": {
    "mpjpe": 56.177474558353424,
    "mpvpe": 57.72915482521057,
    "fps": 1706.1177981021629,
    "latency_per_frame": 0.5861259996891022,
    "pred_acceleration": 6.07604905962944,
    "gt_acceleration": 0.5721020279452205
  },
  "256_points": {
    "mpjpe": 54.321836680173874,
    "mpvpe": 55.656470358371735,
    "fps": 1570.8360261459327,
    "latency_per_frame": 0.6366036832332611,
    "pred_acceleration": 5.6833988055586815,
    "gt_acceleration": 0.5721020279452205
  },
  "512_points": {
    "mpjpe": 54.321836680173874,
    "mpvpe": 55.656470358371735,
    "fps": 1641.4657257817946,
    "latency_per_frame": 0.6092116236686707,
    "pred_acceleration": 5.6833988055586815,
    "gt_acceleration": 0.5721020279452205
  },
  "1024_points": {
    "mpjpe": 54.321836680173874,
    "mpvpe": 55.656470358371735,
    "fps": 1648.593022041799,
    "latency_per_frame": 0.6065778434276581,
    "pred_acceleration": 5.6833988055586815,
    "gt_acceleration": 0.5721020279452205
  }
}